{
    "version": "0.2.0",
    "configurations": [
        {
            "name": "Python: Flask",
            "type": "python",
            "request": "launch",
            "program": "${workspaceFolder}/app.py",
            "args": [
                "run",
                "--no-debugger",
                "--no-reload"
            ],
            "jinja": true,
            "env": {
                "FLASK_APP": "${workspaceFolder}/app.py",
                "FLASK_ENV": "development"
            },
            "envFile": "${workspaceFolder}/.env",
            "console": "integratedTerminal",
            "justMyCode": true
        }
    ]
}
